player,team,position,season,ppr_avg,rank_in_pos
C.Wentz,LA,QB,2023,26.12,1
J.Allen,BUF,QB,2023,24.147368421052633,2
L.Jackson,BAL,QB,2023,21.43777777777778,3
D.Prescott,DAL,QB,2023,20.747777777777777,4
J.Hurts,PHI,QB,2023,20.628888888888888,5
J.Flacco,CLE,QB,2023,19.07,6
J.Love,GB,QB,2023,18.731578947368423,7
K.Cousins,MIN,QB,2023,18.7175,8
K.Murray,ARI,QB,2023,18.295,9
A.Richardson,IND,QB,2023,18.17,10
B.Purdy,SF,QB,2023,18.103157894736842,11
J.Herbert,LAC,QB,2023,18.012307692307694,12
C.Stroud,HOU,QB,2023,17.998823529411766,13
P.Mahomes,KC,QB,2023,17.918,14
J.Fields,CHI,QB,2023,17.706153846153846,15
R.Wilson,DEN,QB,2023,17.126666666666665,16
B.Mayfield,TB,QB,2023,17.08421052631579,17
J.Goff,DET,QB,2023,16.944,18
M.Stafford,LA,QB,2023,16.61125,19
T.Lawrence,JAX,QB,2023,16.40875,20
J.Browning,CIN,QB,2023,16.04888888888889,21
T.Tagovailoa,MIA,QB,2023,15.823333333333332,22
J.Dobbs,ARI,QB,2023,15.82,23
J.Dobbs,MIN,QB,2023,15.219999999999999,24
G.Smith,SEA,QB,2023,15.150666666666666,25
S.Howell,WAS,QB,2023,15.149411764705883,26
J.Burrow,CIN,QB,2023,14.716,27
D.Watson,CLE,QB,2023,14.466666666666667,28
D.Carr,NO,QB,2023,14.183529411764706,29
J.Driskel,CLE,QB,2023,13.94,30
E.Stick,LAC,QB,2023,13.512,31
N.Mullens,MIN,QB,2023,13.348000000000003,32
J.Stidham,DEN,QB,2023,13.32,33
T.Heinicke,ATL,QB,2023,13.2,34
G.Minshew,IND,QB,2023,12.262500000000001,35
D.Ridder,ATL,QB,2023,12.076,36
A.Dalton,CAR,QB,2023,11.82,37
A.O'Connell,LV,QB,2023,11.43818181818182,38
J.Brissett,WAS,QB,2023,11.43,39
W.Levis,TEN,QB,2023,11.335555555555555,40
M.Rudolph,PIT,QB,2023,11.264000000000001,41
T.Bagent,CHI,QB,2023,10.652000000000001,42
T.DeVito,NYG,QB,2023,10.393333333333334,43
Z.Wilson,NYJ,QB,2023,9.995,44
B.Young,CAR,QB,2023,9.77375,45
M.Trubisky,PIT,QB,2023,9.736,46
M.Jones,NE,QB,2023,9.672727272727274,47
D.Jones,NYG,QB,2023,9.493333333333334,48
K.Pickett,PIT,QB,2023,9.183333333333334,49
J.Garoppolo,LV,QB,2023,9.157142857142857,50
R.Tannehill,TEN,QB,2023,8.893333333333333,51
T.Taylor,NYG,QB,2023,8.734,52
D.Lock,SEA,QB,2023,7.279999999999999,53
B.Zappe,NE,QB,2023,6.918000000000001,54
M.Mariota,PHI,QB,2023,5.88,55
T.Siemian,NYJ,QB,2023,5.392,56
T.Huntley,BAL,QB,2023,5.124,57
C.Keenum,HOU,QB,2023,4.87,58
P.Walker,CLE,QB,2023,3.9919999999999995,59
T.Boyle,NYJ,QB,2023,3.6333333333333333,60
C.Beathard,JAX,QB,2023,3.5766666666666667,61
B.Rypien,LA,QB,2023,3.39,62
D.Thompson-Robinson,CLE,QB,2023,3.1571428571428575,63
B.Gabbert,KC,QB,2023,2.950000000000001,64
D.Mills,HOU,QB,2023,2.9433333333333334,65
B.Hoyer,LV,QB,2023,2.4699999999999998,66
S.Darnold,SF,QB,2023,2.338,67
J.Winston,NO,QB,2023,1.9933333333333332,68
M.Willis,TEN,QB,2023,1.53,69
C.Tune,ARI,QB,2023,1.2466666666666666,70
J.Hall,MIN,QB,2023,0.706666666666667,71
S.Clifford,GB,QB,2023,0.64,72
C.Rush,DAL,QB,2023,0.4657142857142857,73
A.McCarron,CIN,QB,2023,0.38,74
M.White,MIA,QB,2023,0.3433333333333333,75
A.Rodgers,NYJ,QB,2023,0.0,76
K.Trask,TB,QB,2023,-0.05,77
T.Bridgewater,DET,QB,2023,-0.2,78
K.Allen,BUF,QB,2023,-0.21666666666666667,79
M.Barkley,JAX,QB,2023,-0.3,80
L.Woodside,ATL,QB,2023,-0.3199999999999998,81
N.Peterman,CHI,QB,2023,-0.4,82
C.McCaffrey,SF,RB,2023,25.278947368421054,1
K.Williams,LA,RB,2023,20.23076923076923,2
A.Kamara,NO,RB,2023,17.923076923076923,3
B.Hall,NYJ,RB,2023,17.08823529411765,4
R.Mostert,MIA,RB,2023,16.98125,5
T.Etienne,JAX,RB,2023,16.61176470588235,6
D.Achane,MIA,RB,2023,16.391666666666666,7
J.Gibbs,DET,RB,2023,16.272222222222226,8
S.Barkley,NYG,RB,2023,15.942857142857145,9
J.Mixon,CIN,RB,2023,15.705882352941176,10
J.Taylor,IND,RB,2023,15.64,11
R.White,TB,RB,2023,15.552631578947368,12
I.Pacheco,KC,RB,2023,15.511111111111111,13
J.Conner,ARI,RB,2023,15.5,14
D.Montgomery,DET,RB,2023,14.588235294117647,15
D.Henry,TEN,RB,2023,14.509411764705884,16
B.Robinson,ATL,RB,2023,14.488235294117647,17
A.Jones,GB,RB,2023,14.123076923076924,18
J.Jacobs,LV,RB,2023,13.930769230769231,19
T.Pollard,DAL,RB,2023,13.561111111111112,20
J.Cook,BUF,RB,2023,13.542105263157895,21
K.Walker,SEA,RB,2023,13.293333333333333,22
A.Ekeler,LAC,RB,2023,13.242857142857144,23
B.Robinson,WAS,RB,2023,13.206666666666667,24
D.Swift,PHI,RB,2023,12.347058823529412,25
J.Ford,CLE,RB,2023,12.244444444444445,26
R.Stevenson,NE,RB,2023,12.141666666666666,27
Z.Moss,IND,RB,2023,12.114285714285714,28
J.Dobbins,BAL,RB,2023,11.7,29
N.Chubb,CLE,RB,2023,11.55,30
J.Warren,PIT,RB,2023,11.322222222222223,31
N.Harris,PIT,RB,2023,11.261111111111113,32
J.Williams,DEN,RB,2023,11.2,33
D.Henderson,LA,RB,2023,10.875,34
C.Hubbard,CAR,RB,2023,10.735294117647058,35
G.Edwards,BAL,RB,2023,10.342105263157896,36
D.Singletary,HOU,RB,2023,10.281052631578948,37
E.Elliott,NE,RB,2023,10.264705882352942,38
D.Foreman,CHI,RB,2023,10.133333333333333,39
K.Mitchell,BAL,RB,2023,9.985714285714286,40
K.Herbert,CHI,RB,2023,9.375,41
T.Spears,TEN,RB,2023,9.047058823529412,42
C.Akers,LA,RB,2023,8.9,43
K.Hunt,CLE,RB,2023,8.6875,44
T.Jones,NO,RB,2023,8.366666666666667,45
A.Mattison,MIN,RB,2023,8.325000000000001,46
T.Allgeier,ATL,RB,2023,8.094117647058823,47
A.Gibson,WAS,RB,2023,7.9625,48
A.Dillon,GB,RB,2023,7.84,49
T.Chandler,MIN,RB,2023,7.769230769230769,50
S.Perine,DEN,RB,2023,7.135294117647058,51
J.Hill,BAL,RB,2023,7.038888888888889,52
L.Perine,KC,RB,2023,7.0,53
R.Johnson,CHI,RB,2023,6.806666666666667,54
J.McKinnon,KC,RB,2023,6.758461538461538,55
E.Demercado,ARI,RB,2023,6.663636363636363,56
Z.Charbonnet,SEA,RB,2023,6.63125,57
C.Akers,MIN,RB,2023,6.300000000000001,58
J.McLaughlin,DEN,RB,2023,6.235294117647059,59
K.Miller,NO,RB,2023,6.185714285714285,60
S.Ahmed,MIA,RB,2023,6.128571428571428,61
K.Gainwell,PHI,RB,2023,5.922352941176471,62
D.Pierce,HOU,RB,2023,5.9071428571428575,63
R.Dowdle,DAL,RB,2023,5.764705882352941,64
Z.White,LV,RB,2023,5.684615384615385,65
D.Evans,CHI,RB,2023,5.68,66
M.Carter,ARI,RB,2023,5.533333333333334,67
M.Sanders,CAR,RB,2023,5.475,68
L.Murray,BUF,RB,2023,5.405882352941177,69
C.Reynolds,DET,RB,2023,5.385714285714285,70
C.Brown,CIN,RB,2023,5.35,71
K.Harris,NE,RB,2023,5.325,72
R.Freeman,LA,RB,2023,5.133333333333334,73
J.Mason,SF,RB,2023,4.966666666666667,74
M.Gordon,BAL,RB,2023,4.925,75
C.Rodriguez,WAS,RB,2023,4.737500000000001,76
J.Williams,NO,RB,2023,4.676923076923076,77
T.Johnson,BUF,RB,2023,4.6000000000000005,78
J.Corbin,NYG,RB,2023,4.3,79
J.Wilson,MIA,RB,2023,4.290000000000001,80
E.Mitchell,SF,RB,2023,4.230769230769231,81
C.Edwards-Helaire,KC,RB,2023,4.110526315789474,82
E.Dotson,LAC,RB,2023,3.9,83
G.Brightwell,NYG,RB,2023,3.8666666666666667,84
D.Jackson,IND,RB,2023,3.8,85
B.Bolden,LV,RB,2023,3.6999999999999997,86
J.Kelley,LAC,RB,2023,3.6294117647058823,87
C.Brooks,MIA,RB,2023,3.5333333333333337,88
R.Rivers,LA,RB,2023,3.4375,89
P.Strong,CLE,RB,2023,3.292307692307692,90
C.Edmonds,TB,RB,2023,3.2266666666666666,91
J.Funk,IND,RB,2023,3.2,92
D.Harris,BUF,RB,2023,3.1666666666666665,93
M.Breida,NYG,RB,2023,3.1266666666666665,94
A.McFarland,PIT,RB,2023,3.1,95
K.Drake,BAL,RB,2023,3.1,95
C.Patterson,ATL,RB,2023,3.0750000000000006,96
I.Abanikanda,NYJ,RB,2023,3.0500000000000003,97
T.Goodson,IND,RB,2023,3.016666666666667,98
E.Wilson,GB,RB,2023,2.9285714285714284,99
D.Cook,NYJ,RB,2023,2.8714285714285714,100
M.Carter,NYJ,RB,2023,2.8444444444444446,101
P.Taylor,GB,RB,2023,2.7818181818181817,102
E.Gray,NYG,RB,2023,2.6,103
A.Abdullah,LV,RB,2023,2.5625,104
T.Sermon,IND,RB,2023,2.5375,105
D.Vaughn,DAL,RB,2023,2.5,106
D.Williams,ARI,RB,2023,2.5,106
T.Jones,ARI,RB,2023,2.3666666666666667,107
D.Johnson,JAX,RB,2023,2.3200000000000003,108
D.Cook,BAL,RB,2023,2.3000000000000003,109
D.Ozigbo,DET,RB,2023,2.3,110
R.Blackshear,CAR,RB,2023,2.1375,111
I.Spiller,LAC,RB,2023,2.111111111111111,112
C.Evans,CIN,RB,2023,2.1,113
T.Davis-Price,SF,RB,2023,2.1,113
K.Ingram,ARI,RB,2023,2.0000000000000004,114
L.Fournette,BUF,RB,2023,2.0,115
T.Bigsby,JAX,RB,2023,1.9076923076923078,116
M.Boone,HOU,RB,2023,1.9000000000000001,117
B.Scott,PHI,RB,2023,1.78,118
S.Tucker,TB,RB,2023,1.7333333333333334,119
E.Hull,IND,RB,2023,1.7000000000000002,120
R.Penny,PHI,RB,2023,1.6000000000000003,121
D.Evans,MIA,RB,2023,1.6,122
Z.Knight,DET,RB,2023,1.55,123
D.Ogunbowale,HOU,RB,2023,1.4714285714285715,124
A.Armah,WAS,RB,2023,1.4333333333333333,125
D.Gore,WAS,RB,2023,1.3,126
K.Vaughn,TB,RB,2023,1.28,127
D.Dallas,SEA,RB,2023,1.2200000000000002,128
V.Jones,CHI,RB,2023,1.1099999999999999,129
J.Ward,TEN,RB,2023,1.1,130
T.Williams,CIN,RB,2023,1.0642857142857143,131
J.Robinson,GB,RB,2023,1.0,132
Z.Evans,LA,RB,2023,0.47500000000000003,133
K.Nwangwu,MIN,RB,2023,0.43333333333333335,134
D.Jackson,NYG,RB,2023,0.2,135
J.Hasty,JAX,RB,2023,0.0,136
J.Mims,NO,RB,2023,0.0,136
K.Drake,GB,RB,2023,0.0,136
T.Homer,CHI,RB,2023,0.0,136
J.Williams,WAS,RB,2023,-0.2,137
T.Kelce,KC,TE,2023,16.073684210526313,1
T.Hockenson,MIN,TE,2023,14.6,2
S.LaPorta,DET,TE,2023,14.194999999999999,3
E.Engram,JAX,TE,2023,13.547058823529412,4
D.Njoku,CLE,TE,2023,12.794117647058824,5
M.Andrews,BAL,TE,2023,12.627272727272727,6
C.Kmet,CHI,TE,2023,12.073333333333332,7
G.Kittle,SF,TE,2023,12.021052631578948,8
J.Ferguson,DAL,TE,2023,11.911111111111111,9
T.McBride,ARI,TE,2023,10.676470588235293,10
D.Schultz,HOU,TE,2023,10.029411764705882,11
D.Goedert,PHI,TE,2023,9.893333333333334,12
D.Kincaid,BUF,TE,2023,9.705555555555556,13
D.Waller,NYG,TE,2023,9.433333333333334,14
H.Henry,NE,TE,2023,9.223076923076924,15
T.Hill,NO,TE,2023,8.97,16
C.Otton,TB,TE,2023,8.383333333333333,17
J.Smith,ATL,TE,2023,8.28,18
K.Pitts,ATL,TE,2023,8.076470588235296,19
L.Thomas,WAS,TE,2023,7.925,20
I.Likely,BAL,TE,2023,7.739999999999999,21
T.Kraft,GB,TE,2023,7.658333333333334,22
J.Johnson,NO,TE,2023,7.523076923076923,23
P.Freiermuth,PIT,TE,2023,7.45,24
G.Everett,LAC,TE,2023,7.406666666666667,25
Z.Ertz,ARI,TE,2023,7.385714285714286,26
T.Conklin,NYJ,TE,2023,7.241176470588235,27
L.Musgrave,GB,TE,2023,7.2153846153846155,28
T.Higbee,LA,TE,2023,6.78125,29
J.Graham,NO,TE,2023,6.779999999999999,30
T.Hudson,CIN,TE,2023,6.683333333333334,31
C.Okonkwo,TEN,TE,2023,6.670588235294118,32
D.Parham,LAC,TE,2023,6.115384615384615,33
D.Allen,LA,TE,2023,6.0600000000000005,34
B.Jordan,HOU,TE,2023,5.954545454545454,35
M.Mayer,LV,TE,2023,5.95,36
D.Smythe,MIA,TE,2023,5.414285714285714,37
D.Knox,BUF,TE,2023,5.325,38
Q.Morris,BUF,TE,2023,5.3,39
N.Fant,SEA,TE,2023,5.242857142857143,40
K.Granson,IND,TE,2023,4.866666666666666,41
H.Hurst,CAR,TE,2023,4.711111111111111,42
T.Tremble,CAR,TE,2023,4.646153846153846,43
L.Cager,NYG,TE,2023,4.533333333333333,44
J.Mundt,MIN,TE,2023,4.466666666666667,45
J.Oliver,MIN,TE,2023,4.441666666666667,46
C.Parkinson,SEA,TE,2023,4.4071428571428575,47
M.Gesicki,NE,TE,2023,4.36,48
N.Gray,KC,TE,2023,4.26,49
F.Moreau,NO,TE,2023,4.20909090909091,50
P.Brown,NE,TE,2023,4.199999999999999,51
E.Higgins,ARI,TE,2023,4.033333333333333,52
G.Calcaterra,PHI,TE,2023,3.9499999999999997,53
D.Bellinger,NYG,TE,2023,3.8846153846153846,54
M.Alie-Cox,IND,TE,2023,3.776923076923077,55
A.Trautman,DEN,TE,2023,3.7750000000000004,56
I.Smith,CIN,TE,2023,3.7222222222222223,57
J.Deguara,GB,TE,2023,3.625,58
D.Sample,CIN,TE,2023,3.5928571428571425,59
A.Ogletree,IND,TE,2023,3.5700000000000003,60
B.Wright,DET,TE,2023,3.5555555555555554,61
W.Mallory,IND,TE,2023,3.5181818181818185,62
H.Bryant,CLE,TE,2023,3.457142857142857,63
C.Heyward,PIT,TE,2023,3.4333333333333336,64
L.Krull,DEN,TE,2023,3.357142857142857,65
W.Dissly,SEA,TE,2023,3.35,66
C.Kolar,BAL,TE,2023,3.3000000000000003,67
C.Turner,WAS,TE,2023,3.2857142857142856,68
B.Hopkins,LA,TE,2023,3.2,69
N.Muse,MIN,TE,2023,3.2,69
L.Farrell,JAX,TE,2023,3.1666666666666665,70
J.Ruckert,NYJ,TE,2023,3.1100000000000003,71
J.Whyle,TEN,TE,2023,3.05,72
A.Hooper,LV,TE,2023,3.025,73
B.Strange,JAX,TE,2023,2.8999999999999995,74
M.Pruitt,ATL,TE,2023,2.888888888888889,75
C.Uzomah,NYJ,TE,2023,2.8285714285714287,76
G.Swaim,ARI,TE,2023,2.7714285714285714,77
G.Dulcich,DEN,TE,2023,2.75,78
S.Smartt,LAC,TE,2023,2.7083333333333335,79
M.Lewis,CHI,TE,2023,2.5799999999999996,80
S.Sullivan,CAR,TE,2023,2.45,81
J.Bates,WAS,TE,2023,2.435714285714286,82
J.Mitchell,DET,TE,2023,2.4000000000000004,83
K.Yeboah,NYJ,TE,2023,2.4000000000000004,83
K.Kieft,TB,TE,2023,2.4,84
L.Schoonmaker,DAL,TE,2023,2.35,85
J.FitzPatrick,ATL,TE,2023,2.2,86
J.Akins,CLE,TE,2023,2.169230769230769,87
C.Woerner,SF,TE,2023,2.066666666666667,88
R.Tonyan,CHI,TE,2023,2.018181818181818,89
P.Durham,TB,TE,2023,1.9428571428571428,90
B.Bell,KC,TE,2023,1.9333333333333333,91
B.Sims,GB,TE,2023,1.9285714285714286,92
T.Fisk,ATL,TE,2023,1.9,93
A.Firkser,DET,TE,2023,1.8,94
T.Quitoriano,HOU,TE,2023,1.7666666666666668,95
J.Stoll,PHI,TE,2023,1.7600000000000002,96
M.Wilcox,CIN,TE,2023,1.6222222222222222,97
C.Fotheringham,LV,TE,2023,1.6,98
N.Adkins,DEN,TE,2023,1.55,99
I.Thomas,CAR,TE,2023,1.5142857142857142,100
J.Hill,MIA,TE,2023,1.4666666666666668,101
D.Washington,PIT,TE,2023,1.4555555555555557,102
E.Saubert,HOU,TE,2023,1.4000000000000001,103
J.Horsted,LV,TE,2023,1.4,104
N.Vannett,LAC,TE,2023,1.3,105
G.Ricci,CAR,TE,2023,1.2,106
P.Hendershot,DAL,TE,2023,1.1142857142857143,107
R.Dwelley,SF,TE,2023,1.1,108
T.Wesco,TEN,TE,2023,1.0333333333333334,109
D.Wells,TB,TE,2023,1.0,110
C.Manhertz,DEN,TE,2023,0.9,111
K.Rader,TEN,TE,2023,0.8,112
A.Okwuegbunam,PHI,TE,2023,0.0,113
R.Williams,PIT,TE,2023,0.0,113
S.McKeon,DAL,TE,2023,0.0,113
C.Lamb,DAL,WR,2023,23.650000000000002,1
T.Hill,MIA,WR,2023,23.15294117647059,2
K.Allen,LAC,WR,2023,21.450769230769232,3
J.Jefferson,MIN,WR,2023,20.419999999999998,4
A.St. Brown,DET,WR,2023,20.342105263157894,5
P.Nacua,LA,WR,2023,18.41111111111111,6
N.Collins,HOU,WR,2023,17.305882352941175,7
A.Brown,PHI,WR,2023,17.03529411764706,8
D.Moore,CHI,WR,2023,16.852941176470587,9
M.Evans,TB,WR,2023,16.789473684210527,10
M.Williams,LAC,WR,2023,16.733333333333334,11
T.Dell,HOU,WR,2023,16.5,12
J.Chase,CIN,WR,2023,16.42,13
M.Pittman,IND,WR,2023,15.7625,14
D.Adams,LV,WR,2023,15.611764705882354,15
S.Diggs,BUF,WR,2023,15.357894736842105,16
D.Samuel,SF,WR,2023,15.155555555555557,17
A.Cooper,CLE,WR,2023,14.80625,18
D.Smith,PHI,WR,2023,14.729411764705883,19
B.Aiyuk,SF,WR,2023,14.689473684210528,20
C.Olave,NO,WR,2023,14.45625,21
D.Metcalf,SEA,WR,2023,14.0875,22
J.Meyers,LV,WR,2023,13.66125,23
J.Waddle,MIA,WR,2023,13.640000000000002,24
A.Thielen,CAR,WR,2023,13.588235294117647,25
R.Rice,KC,WR,2023,13.559999999999999,26
C.Ridley,JAX,WR,2023,13.523529411764706,27
C.Kupp,LA,WR,2023,13.238461538461538,28
D.Hopkins,TEN,WR,2023,13.152941176470588,29
Z.Flowers,BAL,WR,2023,13.077777777777778,30
J.Addison,MIN,WR,2023,13.01764705882353,31
G.Wilson,NYJ,WR,2023,12.541176470588235,32
J.Reed,GB,WR,2023,12.533333333333333,33
C.Kirk,JAX,WR,2023,12.521666666666667,34
K.Bourne,NE,WR,2023,12.5,35
C.Godwin,TB,WR,2023,12.194736842105263,36
G.Pickens,PIT,WR,2023,12.127777777777778,37
D.Johnson,PIT,WR,2023,11.964285714285714,38
T.McLaurin,WAS,WR,2023,11.952941176470588,39
T.Lockett,SEA,WR,2023,11.905882352941177,40
C.Sutton,DEN,WR,2023,11.8875,41
T.Higgins,CIN,WR,2023,11.466666666666667,42
R.Doubs,GB,WR,2023,11.25263157894737,43
D.London,ATL,WR,2023,10.89875,44
B.Cooks,DAL,WR,2023,10.852941176470589,45
J.Palmer,LAC,WR,2023,10.67,46
D.Robinson,LA,WR,2023,10.533333333333333,47
R.Shaheed,NO,WR,2023,10.506666666666666,48
M.Brown,ARI,WR,2023,10.361538461538462,49
G.Davis,BUF,WR,2023,10.0875,50
C.Samuel,WAS,WR,2023,9.825,51
C.Watson,GB,WR,2023,9.572727272727272,52
B.Melton,GB,WR,2023,9.416666666666666,53
J.Downs,IND,WR,2023,9.241176470588234,54
N.Brown,HOU,WR,2023,9.236363636363636,55
M.Thomas,NO,WR,2023,8.98,56
D.Slayton,NYG,WR,2023,8.882352941176471,57
W.Robinson,NYG,WR,2023,8.879999999999999,58
J.Jeudy,DEN,WR,2023,8.8625,59
J.Smith-Njigba,SEA,WR,2023,8.811764705882354,60
M.Wilson,ARI,WR,2023,8.807692307692308,61
T.Johnson,LA,WR,2023,8.8,62
Z.Jones,JAX,WR,2023,8.677777777777777,63
T.Boyd,CIN,WR,2023,8.51764705882353,64
D.Chark,CAR,WR,2023,8.25,65
T.Atwell,LA,WR,2023,8.213333333333333,66
J.Reynolds,DET,WR,2023,8.210526315789474,67
K.Osborn,MIN,WR,2023,8.0,68
E.Moore,CLE,WR,2023,7.958823529411766,69
K.Shakir,BUF,WR,2023,7.922222222222222,70
S.Fehoko,LAC,WR,2023,7.9,71
D.Wicks,GB,WR,2023,7.66235294117647,72
D.Douglas,NE,WR,2023,7.6571428571428575,73
A.Perry,NO,WR,2023,7.575,74
J.Williams,DET,WR,2023,7.36,75
J.Dotson,WAS,WR,2023,7.341176470588235,76
B.Johnson,DEN,WR,2023,7.340000000000001,77
D.Montgomery,IND,WR,2023,7.300000000000001,78
O.Beckham,BAL,WR,2023,7.18125,79
G.Dortch,ARI,WR,2023,7.166666666666667,80
Q.Watkins,PHI,WR,2023,6.566666666666666,81
N.Westbrook-Ikhine,TEN,WR,2023,6.538461538461538,82
P.Washington,JAX,WR,2023,6.533333333333334,83
C.Wilson,MIA,WR,2023,6.358333333333333,84
T.Irwin,CIN,WR,2023,6.26,85
D.Bell,CLE,WR,2023,6.21,86
R.Woods,HOU,WR,2023,6.2,87
N.Agholor,BAL,WR,2023,6.177777777777778,88
R.Moore,ARI,WR,2023,6.176470588235294,89
M.Gallup,DAL,WR,2023,6.123529411764705,90
T.Palmer,TB,WR,2023,6.021052631578947,91
G.Olszewski,NYG,WR,2023,6.0,92
K.Raymond,DET,WR,2023,5.729411764705882,93
J.Mingo,CAR,WR,2023,5.653333333333333,94
A.Erickson,LAC,WR,2023,5.65,95
D.Mooney,CHI,WR,2023,5.635714285714286,96
A.Iosivas,CIN,WR,2023,5.622222222222223,97
A.Pierce,IND,WR,2023,5.611764705882353,98
D.Parker,NE,WR,2023,5.56923076923077,99
J.Jennings,SF,WR,2023,5.556,100
J.Smith-Schuster,NE,WR,2023,5.545454545454546,101
Q.Johnston,LAC,WR,2023,5.529411764705882,102
T.Tucker,LV,WR,2023,5.523076923076923,103
J.Watson,KC,WR,2023,5.473684210526316,104
J.Crowder,WAS,WR,2023,5.4142857142857155,105
M.Hardman,KC,WR,2023,5.35,106
B.Powell,MIN,WR,2023,5.315384615384615,107
C.Conley,SF,WR,2023,5.133333333333334,108
J.Agnew,JAX,WR,2023,5.0375000000000005,109
C.Claypool,CHI,WR,2023,5.033333333333333,110
M.Mims,DEN,WR,2023,4.98,111
R.Bateman,BAL,WR,2023,4.976470588235294,112
K.Turpin,DAL,WR,2023,4.9750000000000005,113
V.Jefferson,LA,WR,2023,4.800000000000001,114
M.Hollins,ATL,WR,2023,4.788888888888889,115
K.Doss,LAC,WR,2023,4.65,116
I.Smith-Marsette,CAR,WR,2023,4.642857142857143,117
J.Hyatt,NYG,WR,2023,4.638461538461538,118
D.Moore,TB,WR,2023,4.6375,119
R.Cracraft,MIA,WR,2023,4.628571428571428,120
A.Lazard,NYJ,WR,2023,4.6230769230769235,121
J.Jones,PHI,WR,2023,4.622222222222222,122
C.Moore,TEN,WR,2023,4.553333333333333,123
R.Chosen,MIA,WR,2023,4.5200000000000005,124
X.Gipson,NYJ,WR,2023,4.478571428571429,125
T.Burks,TEN,WR,2023,4.433333333333334,126
S.Miller,ATL,WR,2023,4.344444444444445,127
J.Tolbert,DAL,WR,2023,4.342857142857143,128
L.Humphrey,DEN,WR,2023,4.290909090909091,129
I.Hodgins,NYG,WR,2023,4.285714285714286,130
M.Valdes-Scantling,KC,WR,2023,4.165,131
J.Brownlee,NYJ,WR,2023,4.15,132
C.Jones,CIN,WR,2023,4.14,133
K.Philips,TEN,WR,2023,4.1375,134
B.Berrios,MIA,WR,2023,4.135714285714285,135
J.Brooks,DAL,WR,2023,4.133333333333334,136
S.Moore,KC,WR,2023,4.130769230769231,137
T.Marshall,CAR,WR,2023,4.1125,138
B.Covey,PHI,WR,2023,4.1,139
K.Toney,KC,WR,2023,4.076923076923077,140
A.Robinson,PIT,WR,2023,4.075,141
J.Bobo,SEA,WR,2023,4.064285714285715,142
T.Wallace,BAL,WR,2023,4.05,143
C.Austin,PIT,WR,2023,4.026666666666666,144
C.Tillman,CLE,WR,2023,4.0181818181818185,145
S.Sims,HOU,WR,2023,3.8666666666666667,146
R.Bell,SF,WR,2023,3.85,147
P.Campbell,NYG,WR,2023,3.8000000000000003,148
H.Renfrow,LV,WR,2023,3.730769230769231,149
R.McCloud,SF,WR,2023,3.677777777777778,150
J.Guyton,LAC,WR,2023,3.557142857142857,151
A.Trammell,LA,WR,2023,3.45,152
D.Harty,BUF,WR,2023,3.407142857142857,153
E.Cooks,JAX,WR,2023,3.4000000000000004,154
O.Zaccheaus,PHI,WR,2023,3.3249999999999997,155
J.Reagor,NE,WR,2023,3.1666666666666665,156
T.Thornton,NE,WR,2023,3.0222222222222226,157
D.Peoples-Jones,CLE,WR,2023,2.9500000000000006,158
J.Nailor,MIN,WR,2023,2.95,159
K.Hodge,ATL,WR,2023,2.8615384615384616,160
L.Bowden,NO,WR,2023,2.8125,161
M.Heath,GB,WR,2023,2.7916666666666665,162
T.Scott,CHI,WR,2023,2.7615384615384615,163
M.Strachan,CAR,WR,2023,2.75,164
T.Sherfield,BUF,WR,2023,2.73,165
J.Metchie,HOU,WR,2023,2.7,166
D.Davis,LAC,WR,2023,2.692857142857143,167
D.Brown,WAS,WR,2023,2.689230769230769,168
L.Shenault,CAR,WR,2023,2.6875,169
D.Thompkins,TB,WR,2023,2.664285714285714,170
L.Treadwell,BAL,WR,2023,2.6,171
B.Pringle,WAS,WR,2023,2.5083333333333333,172
T.Jackson,MIN,WR,2023,2.45,173
B.Skowronek,LA,WR,2023,2.3,174
I.McKenzie,IND,WR,2023,2.288888888888889,175
J.Ross,KC,WR,2023,2.2600000000000002,176
E.St. Brown,CHI,WR,2023,2.2399999999999998,177
S.Shepard,NYG,WR,2023,2.23,178
S.Toure,GB,WR,2023,2.225,179
V.Jefferson,ATL,WR,2023,2.21,180
T.Jones,JAX,WR,2023,2.1444444444444444,181
C.Johnson,CHI,WR,2023,2.1,182
K.Kirkwood,NO,WR,2023,2.1,182
R.James,KC,WR,2023,2.090909090909091,183
X.Hutchinson,HOU,WR,2023,2.0615384615384618,184
C.Thompson,SEA,WR,2023,2.0,185
R.Cobb,NYJ,WR,2023,1.8777777777777775,186
D.Peoples-Jones,DET,WR,2023,1.8,187
W.Snead,SF,WR,2023,1.7,188
R.Jarrett,TB,WR,2023,1.6666666666666667,189
M.Taylor,NYJ,WR,2023,1.6500000000000001,190
C.Claypool,MIA,WR,2023,1.65,191
M.Jones,DET,WR,2023,1.625,192
M.Kinsey,TEN,WR,2023,1.6,193
T.Montgomery,NE,WR,2023,1.4142857142857144,194
K.Boutte,NE,WR,2023,1.3,195
M.Goodwin,CLE,WR,2023,1.2727272727272727,196
D.Duvernay,BAL,WR,2023,1.2166666666666666,197
D.Carter,LV,WR,2023,1.2125,198
K.Lassiter,CIN,WR,2023,1.2,199
M.Boykin,PIT,WR,2023,1.175,200
E.Ezukanma,MIA,WR,2023,1.1,201
M.Hardman,NYJ,WR,2023,0.8,202
Z.Pascal,ARI,WR,2023,0.6555555555555556,203
C.Dowell,TEN,WR,2023,0.65,204
A.Green,DET,WR,2023,0.6,205
D.Eskridge,SEA,WR,2023,0.16666666666666666,206
A.Isabella,BUF,WR,2023,0.0,207
A.Rodgers,IND,WR,2023,0.0,207
D.Byrd,ATL,WR,2023,0.0,207
I.Charles,NYJ,WR,2023,0.0,207
J.Proche,CLE,WR,2023,0.0,207
J.Winfree,IND,WR,2023,0.0,207
M.Cunningham,NE,WR,2023,0.0,207
P.Dorsett,DEN,WR,2023,0.0,207
S.Jackson,CIN,WR,2023,0.0,207
T.Taylor,CHI,WR,2023,-0.06666666666666667,208
G.Olszewski,PIT,WR,2023,-1.0,209
L.Jackson,BAL,QB,2024,24.817894736842106,1
J.Allen,BUF,QB,2024,23.067368421052635,2
J.Burrow,CIN,QB,2024,21.930588235294117,3
J.Hurts,PHI,QB,2024,21.661052631578947,4
J.Daniels,WAS,QB,2024,21.41,5
B.Mayfield,TB,QB,2024,21.194444444444443,6
J.Garoppolo,LA,QB,2024,19.86,7
J.Milton,NE,QB,2024,19.24,8
J.Goff,DET,QB,2024,18.537777777777777,9
B.Nix,DEN,QB,2024,18.403333333333332,10
P.Mahomes,KC,QB,2024,18.335789473684212,11
B.Purdy,SF,QB,2024,17.790666666666667,12
S.Darnold,MIN,QB,2024,17.75888888888889,13
K.Murray,ARI,QB,2024,17.48470588235294,14
T.Tagovailoa,MIA,QB,2024,16.507272727272728,15
J.Herbert,LAC,QB,2024,16.17111111111111,16
R.Wilson,PIT,QB,2024,16.015,17
G.Smith,SEA,QB,2024,15.647058823529411,18
J.Dobbs,SF,QB,2024,15.419999999999998,19
A.Rodgers,NYJ,QB,2024,15.092941176470587,20
D.Carr,NO,QB,2024,15.09,21
C.Williams,CHI,QB,2024,14.972941176470588,22
A.Richardson,IND,QB,2024,14.850909090909092,23
J.Love,GB,QB,2024,14.83375,24
T.Lawrence,JAX,QB,2024,14.569999999999999,25
D.Prescott,DAL,QB,2024,14.565,26
T.McKee,PHI,QB,2024,14.41,27
J.Flacco,IND,QB,2024,14.14857142857143,28
B.Young,CAR,QB,2024,13.930000000000001,29
M.Stafford,LA,QB,2024,13.905555555555557,30
D.Maye,NE,QB,2024,13.626153846153844,31
D.Jones,NYG,QB,2024,13.530000000000001,32
C.Stroud,HOU,QB,2024,13.255789473684212,33
K.Cousins,ATL,QB,2024,12.594285714285714,34
T.Huntley,MIA,QB,2024,12.132,35
M.Rudolph,TEN,QB,2024,11.975,36
J.Winston,CLE,QB,2024,11.92181818181818,37
D.Lock,NYG,QB,2024,11.448571428571428,38
D.Watson,CLE,QB,2024,10.959999999999999,39
J.Fields,PIT,QB,2024,10.83090909090909,40
A.O'Connell,LV,QB,2024,10.386666666666667,41
T.Taylor,NYJ,QB,2024,10.03,42
W.Levis,TEN,QB,2024,9.995,43
A.Dalton,CAR,QB,2024,9.826666666666666,44
G.Minshew,LV,QB,2024,9.632,45
S.Rattler,NO,QB,2024,9.611428571428572,46
M.Jones,JAX,QB,2024,9.608,47
M.Mariota,WAS,QB,2024,9.172,48
C.Rush,DAL,QB,2024,9.13,49
M.Penix,ATL,QB,2024,8.82,50
M.Willis,GB,QB,2024,8.633333333333335,51
B.Zappe,CLE,QB,2024,7.000000000000001,52
T.Boyle,NYG,QB,2024,6.82,53
T.DeVito,NYG,QB,2024,6.740000000000001,54
J.Brissett,NE,QB,2024,6.4628571428571435,55
D.Ridder,LV,QB,2024,4.384,56
S.Thompson,MIA,QB,2024,3.9400000000000004,57
T.Boyle,MIA,QB,2024,3.5599999999999996,58
K.Pickett,PHI,QB,2024,3.491428571428571,59
T.Lance,DAL,QB,2024,3.185,60
D.Thompson-Robinson,CLE,QB,2024,2.6333333333333333,61
D.Mills,HOU,QB,2024,2.3950000000000005,62
C.Wentz,KC,QB,2024,2.36,63
B.Allen,SF,QB,2024,2.1200000000000006,64
M.Trubisky,BUF,QB,2024,1.6622222222222218,65
J.Haener,NO,QB,2024,1.655,66
M.White,BUF,QB,2024,1.12,67
H.Hooker,DET,QB,2024,0.8933333333333334,68
T.Heinicke,LAC,QB,2024,0.78,69
K.Allen,PIT,QB,2024,0.76,70
C.Oladokun,KC,QB,2024,0.5,71
N.Mullens,MIN,QB,2024,0.33,72
J.Stidham,DEN,QB,2024,0.25,73
J.Johnson,BAL,QB,2024,0.195,74
T.Bridgewater,DET,QB,2024,0.12,75
T.Bagent,CHI,QB,2024,-0.065,76
K.Trask,TB,QB,2024,-0.06666666666666667,77
J.Browning,CIN,QB,2024,-0.1,78
C.Tune,ARI,QB,2024,-0.41600000000000004,79
S.Howell,SEA,QB,2024,-0.8400000000000001,80
S.Barkley,PHI,RB,2024,22.785,1
J.Gibbs,DET,RB,2024,21.688888888888886,2
B.Robinson,ATL,RB,2024,20.099999999999998,3
D.Henry,BAL,RB,2024,20.073684210526316,4
A.Kamara,NO,RB,2024,18.95,5
D.Achane,MIA,RB,2024,17.641176470588235,6
J.Taylor,IND,RB,2024,17.62142857142857,7
J.Jacobs,GB,RB,2024,17.455555555555556,8
J.Mixon,HOU,RB,2024,17.2125,9
J.Cook,BUF,RB,2024,17.068421052631578,10
K.Williams,LA,RB,2024,16.655555555555555,11
K.Walker,SEA,RB,2024,16.472727272727273,12
C.Hubbard,CAR,RB,2024,16.106666666666666,13
C.Brown,CIN,RB,2024,15.9375,14
J.Conner,ARI,RB,2024,15.8625,15
B.Hall,NYJ,RB,2024,15.05625,16
D.Montgomery,DET,RB,2024,15.021333333333333,17
B.Irving,TB,RB,2024,14.483333333333333,18
A.Jones,MIN,RB,2024,13.922222222222222,19
J.Dobbins,LAC,RB,2024,13.885714285714286,20
R.White,TB,RB,2024,12.69375,21
D.Swift,CHI,RB,2024,12.617647058823529,22
T.Pollard,TEN,RB,2024,12.54375,23
R.Dowdle,DAL,RB,2024,12.3625,24
C.McCaffrey,SF,RB,2024,11.950000000000001,25
M.Carter,ARI,RB,2024,11.933333333333332,26
N.Harris,PIT,RB,2024,11.855555555555556,27
R.Stevenson,NE,RB,2024,11.726666666666667,28
T.Jones,ARI,RB,2024,11.5,29
K.Hunt,KC,RB,2024,11.4625,30
B.Robinson,WAS,RB,2024,11.229411764705883,31
Z.Charbonnet,SEA,RB,2024,10.805882352941175,32
T.Tracy,NYG,RB,2024,10.723529411764707,33
A.Ekeler,WAS,RB,2024,10.639999999999999,34
Z.Moss,CIN,RB,2024,10.2375,35
A.Mattison,LV,RB,2024,9.814285714285715,36
A.Abdullah,LV,RB,2024,9.63076923076923,37
J.Mason,SF,RB,2024,9.583333333333334,38
J.Ford,CLE,RB,2024,9.571428571428571,39
T.Spears,TEN,RB,2024,9.466666666666667,40
J.Williams,DEN,RB,2024,9.122222222222224,41
T.Etienne,JAX,RB,2024,8.68,42
J.Hill,BAL,RB,2024,8.664705882352942,43
T.Bigsby,JAX,RB,2024,8.6,44
J.Warren,PIT,RB,2024,8.1625,45
N.Chubb,CLE,RB,2024,7.9125,46
I.Guerendo,SF,RB,2024,7.4,47
M.Sanders,CAR,RB,2024,7.027272727272727,48
S.McCormick,LV,RB,2024,6.800000000000001,49
R.Davis,BUF,RB,2024,6.61578947368421,50
I.Pacheco,KC,RB,2024,6.530000000000001,51
R.Johnson,CHI,RB,2024,6.449999999999999,52
D.Singletary,NYG,RB,2024,6.4399999999999995,53
T.Allgeier,ATL,RB,2024,6.247058823529412,54
S.Tucker,TB,RB,2024,6.245454545454546,55
A.Gibson,NE,RB,2024,6.082352941176471,56
C.Akers,MIN,RB,2024,6.072727272727272,57
C.Akers,HOU,RB,2024,6.0600000000000005,58
K.Nwangwu,NYJ,RB,2024,6.0,59
P.Taylor,SF,RB,2024,5.959999999999999,60
R.Mostert,MIA,RB,2024,5.908333333333334,61
J.McLaughlin,DEN,RB,2024,5.764705882352941,62
T.Johnson,BUF,RB,2024,5.725,63
E.Wilson,GB,RB,2024,5.550000000000001,64
G.Edwards,LAC,RB,2024,5.5249999999999995,65
C.Rodriguez,WAS,RB,2024,5.25,66
I.Davis,NYJ,RB,2024,5.1,67
B.Allen,NYJ,RB,2024,5.011764705882353,68
C.Edwards-Helaire,NO,RB,2024,5.0,69
T.Goodson,IND,RB,2024,4.933333333333334,70
J.Kibodi,CLE,RB,2024,4.9,71
W.Shipley,PHI,RB,2024,4.8999999999999995,72
K.Miller,NO,RB,2024,4.8500000000000005,73
J.McNichols,WAS,RB,2024,4.41875,74
K.Herbert,CIN,RB,2024,4.3,75
S.Perine,KC,RB,2024,4.245,76
E.Demercado,ARI,RB,2024,4.207692307692308,77
D.Pierce,HOU,RB,2024,4.181818181818182,78
T.Benson,ARI,RB,2024,3.9166666666666665,79
T.Sermon,IND,RB,2024,3.842857142857143,80
E.Elliott,DAL,RB,2024,3.8333333333333335,81
C.Brooks,GB,RB,2024,3.7583333333333333,82
A.Estime,DEN,RB,2024,3.746153846153846,83
J.Mims,NO,RB,2024,3.7285714285714286,84
Z.White,LV,RB,2024,3.6625,85
K.Vidal,LAC,RB,2024,3.6333333333333337,86
K.Gainwell,PHI,RB,2024,3.62,87
D.Ogunbowale,HOU,RB,2024,3.4352941176470586,88
K.Mitchell,BAL,RB,2024,3.4000000000000004,89
K.Herbert,CHI,RB,2024,3.3333333333333335,90
B.Watson,DEN,RB,2024,3.3000000000000003,91
D.Foreman,CLE,RB,2024,3.2600000000000002,92
J.Hasty,NE,RB,2024,3.2,93
P.Strong,CLE,RB,2024,3.2,93
K.McIntosh,SEA,RB,2024,3.1999999999999997,94
R.Rivers,LA,RB,2024,3.183333333333333,95
D.Dallas,ARI,RB,2024,3.0,96
D.Johnson,JAX,RB,2024,2.9916666666666667,97
C.Reynolds,DET,RB,2024,2.985714285714286,98
V.Jones,CHI,RB,2024,2.9000000000000004,99
C.Patterson,PIT,RB,2024,2.8846153846153846,100
J.Williams,NO,RB,2024,2.853846153846154,101
T.Chandler,MIN,RB,2024,2.8400000000000003,102
M.Lloyd,GB,RB,2024,2.8,103
H.Haskins,LAC,RB,2024,2.775,104
R.Blackshear,CAR,RB,2024,2.6666666666666665,105
T.Badie,DEN,RB,2024,2.55,106
J.Brooks,CAR,RB,2024,2.5000000000000004,107
B.Corum,LA,RB,2024,2.392857142857143,108
D.Vaughn,DAL,RB,2024,2.3600000000000003,109
J.Taylor,HOU,RB,2024,2.1333333333333333,110
J.Jefferson,DET,RB,2024,2.1,111
J.Wright,MIA,RB,2024,2.0538461538461537,112
S.Vaki,DET,RB,2024,2.025,113
D.Cook,DAL,RB,2024,2.0,114
C.Steele,KC,RB,2024,1.991666666666667,115
E.Gray,NYG,RB,2024,1.9300000000000002,116
J.Chestnut,TEN,RB,2024,1.9000000000000001,117
C.Schrader,LA,RB,2024,1.9,118
T.Jennings,NE,RB,2024,1.65,119
J.McClellan,ATL,RB,2024,1.6,120
T.Homer,CHI,RB,2024,1.5999999999999999,121
J.Wilson,MIA,RB,2024,1.5142857142857142,122
M.Boone,CAR,RB,2024,1.1800000000000002,123
J.Ward,PIT,RB,2024,1.1,124
T.McAllister,LV,RB,2024,1.1,124
M.Gaskin,MIN,RB,2024,0.9999999999999999,125
G.Holani,SEA,RB,2024,0.95,126
C.Collier,LV,RB,2024,0.9,127
R.Ali,BAL,RB,2024,0.775,128
T.Davis-Price,PHI,RB,2024,0.7000000000000001,129
A.Shampklin,PIT,RB,2024,0.5666666666666667,130
K.Vaughn,SF,RB,2024,0.4,131
D.Evans,CHI,RB,2024,0.3,132
B.Brooks,HOU,RB,2024,0.2,133
J.Kelley,TEN,RB,2024,0.2,133
V.Jones,CAR,RB,2024,0.0,134
D.Laube,LV,RB,2024,-2.0,135
G.Kittle,SF,TE,2024,15.773333333333333,1
B.Bowers,LV,TE,2024,15.452941176470588,2
T.McBride,ARI,TE,2024,15.2375,3
D.Njoku,CLE,TE,2024,13.5,4
J.Smith,MIA,TE,2024,13.076470588235296,5
T.Hill,NO,TE,2024,12.7925,6
T.Kelce,KC,TE,2024,12.205263157894738,7
S.LaPorta,DET,TE,2024,11.276470588235293,8
T.Higbee,LA,TE,2024,11.16,9
Z.Ertz,WAS,TE,2024,10.845,10
M.Andrews,BAL,TE,2024,10.705263157894738,11
D.Goedert,PHI,TE,2024,10.671428571428573,12
E.Engram,JAX,TE,2024,9.944444444444445,13
C.Otton,TB,TE,2024,9.72,14
P.Freiermuth,PIT,TE,2024,9.600000000000001,15
T.Kraft,GB,TE,2024,9.55,16
T.Hockenson,MIN,TE,2024,9.445454545454545,17
H.Henry,NE,TE,2024,9.0875,18
M.Gesicki,CIN,TE,2024,8.84375,19
I.Likely,BAL,TE,2024,8.782352941176471,20
C.Kmet,CHI,TE,2024,8.6,21
J.Johnson,NO,TE,2024,8.186666666666666,22
K.Pitts,ATL,TE,2024,7.717647058823529,23
T.Conklin,NYJ,TE,2024,7.61875,24
J.Ferguson,DAL,TE,2024,7.457142857142857,25
N.Fant,SEA,TE,2024,7.428571428571429,26
D.Kincaid,BUF,TE,2024,7.11875,27
W.Dissly,LAC,TE,2024,7.10625,28
C.Okonkwo,TEN,TE,2024,7.1000000000000005,29
D.Schultz,HOU,TE,2024,6.989473684210527,30
P.Durham,TB,TE,2024,6.9,31
D.Culp,TB,TE,2024,6.8999999999999995,32
F.Moreau,NO,TE,2024,6.886666666666667,33
T.Johnson,NYG,TE,2024,6.81,34
N.Gray,KC,TE,2024,6.6,35
B.Strange,JAX,TE,2024,6.507142857142857,36
A.Hooper,NE,TE,2024,6.3882352941176475,37
L.Schoonmaker,DAL,TE,2024,5.71,38
J.Akins,CLE,TE,2024,5.6875,39
T.Tremble,CAR,TE,2024,5.64,40
J.Oliver,MIN,TE,2024,5.608333333333333,41
A.Barner,SEA,TE,2024,5.607142857142857,42
S.Smartt,LAC,TE,2024,4.971428571428571,43
J.Sanders,CAR,TE,2024,4.88,44
C.Parkinson,LA,TE,2024,4.564705882352941,45
E.All,CIN,TE,2024,4.4750000000000005,46
G.Calcaterra,PHI,TE,2024,4.371428571428572,47
J.Whyle,TEN,TE,2024,4.342857142857143,48
T.Hudson,CIN,TE,2024,4.277777777777778,49
C.Kolar,BAL,TE,2024,4.042857142857143,50
N.Vannett,TEN,TE,2024,4.041666666666667,51
D.Knox,BUF,TE,2024,3.9764705882352938,52
E.Jenkins,PHI,TE,2024,3.85,53
D.Bellinger,NYG,TE,2024,3.7857142857142856,54
N.Adkins,DEN,TE,2024,3.625,55
J.Mundt,MIN,TE,2024,3.5714285714285716,56
H.Bryant,LV,TE,2024,3.5200000000000005,57
E.Higgins,ARI,TE,2024,3.5142857142857147,58
B.Wright,DET,TE,2024,3.5,59
B.Sinnott,WAS,TE,2024,3.4200000000000004,60
D.Washington,PIT,TE,2024,3.35,61
E.Saubert,SF,TE,2024,3.3375,62
M.Mayer,LV,TE,2024,3.3272727272727276,63
D.Sample,CIN,TE,2024,3.3181818181818183,64
L.Krull,DEN,TE,2024,3.2181818181818183,65
A.Trautman,DEN,TE,2024,3.2142857142857144,66
C.Heyward,PIT,TE,2024,3.2,67
S.Zylstra,DET,TE,2024,3.2,67
C.Manhertz,NYG,TE,2024,3.0,68
B.Spann-Ford,DAL,TE,2024,2.966666666666667,69
C.Stover,HOU,TE,2024,2.935714285714286,70
Q.Morris,BUF,TE,2024,2.9200000000000004,71
M.Alie-Cox,IND,TE,2024,2.725,72
M.Pruitt,PIT,TE,2024,2.6666666666666665,73
H.Long,LA,TE,2024,2.6625,74
K.Yeboah,NYJ,TE,2024,2.6166666666666667,75
D.Allen,LA,TE,2024,2.6000000000000005,76
G.Dulcich,DEN,TE,2024,2.6,77
D.Holker,NO,TE,2024,2.55,78
P.Hendershot,KC,TE,2024,2.525,79
B.Whiteheart,CLE,TE,2024,2.442857142857143,80
A.Ogletree,IND,TE,2024,2.3545454545454545,81
K.Granson,IND,TE,2024,2.3000000000000003,82
J.Ruckert,NYJ,TE,2024,2.1923076923076925,83
H.Hurst,LAC,TE,2024,2.185714285714286,84
B.Sims,GB,TE,2024,2.0500000000000003,85
J.Hill,MIA,TE,2024,2.0,86
C.Grandy,CIN,TE,2024,1.9500000000000002,87
T.Reiman,ARI,TE,2024,1.94,88
L.Farrell,JAX,TE,2024,1.8699999999999999,89
G.Swaim,CLE,TE,2024,1.7000000000000002,90
J.Shenker,LV,TE,2024,1.7000000000000002,90
J.Wiley,KC,TE,2024,1.7000000000000002,90
T.Fisk,LAC,TE,2024,1.675,91
L.Musgrave,GB,TE,2024,1.6428571428571428,92
J.Bates,WAS,TE,2024,1.5769230769230769,93
P.Brown,SEA,TE,2024,1.5625,94
J.Stoll,PHI,TE,2024,1.5,95
R.Dwelley,ATL,TE,2024,1.5,95
J.Deguara,JAX,TE,2024,1.4666666666666668,96
C.Woerner,ATL,TE,2024,1.45,97
B.Jordan,HOU,TE,2024,1.35,98
J.Bell,NE,TE,2024,1.3333333333333333,99
G.Everett,CHI,TE,2024,1.2888888888888888,100
I.Thomas,CAR,TE,2024,1.2333333333333334,101
I.Smith,HOU,TE,2024,1.2,102
J.FitzPatrick,GB,TE,2024,1.2,102
M.Lewis,CHI,TE,2024,1.2,102
D.Smythe,MIA,TE,2024,1.1,103
W.Mallory,IND,TE,2024,0.9857142857142858,104
D.Martin-Robinson,TEN,TE,2024,0.8,105
Z.Davidson,BUF,TE,2024,0.75,106
F.Franks,CAR,TE,2024,0.7333333333333334,107
E.Tomlinson,LAC,TE,2024,0.7250000000000001,108
J.Fortson,KC,TE,2024,0.5,109
B.Bates,CLE,TE,2024,0.0,110
B.Cupp,KC,TE,2024,0.0,110
B.Willis,SF,TE,2024,0.0,110
J.Matthews,CAR,TE,2024,0.0,110
S.Sullivan,CAR,TE,2024,0.0,110
J.Chase,CIN,WR,2024,23.705882352941178,1
R.Rice,KC,WR,2024,21.633333333333336,2
C.Godwin,TB,WR,2024,19.685714285714287,3
A.St. Brown,DET,WR,2024,18.77111111111111,4
T.Higgins,CIN,WR,2024,18.508333333333336,5
M.Nabers,NYG,WR,2024,18.240000000000002,6
J.Jefferson,MIN,WR,2024,18.237777777777776,7
P.Nacua,LA,WR,2024,17.876923076923077,8
D.Adams,NYJ,WR,2024,17.854545454545455,9
N.Collins,HOU,WR,2024,17.77857142857143,10
C.Lamb,DAL,WR,2024,17.560000000000002,11
M.Evans,TB,WR,2024,17.506666666666668,12
B.Thomas,JAX,WR,2024,16.705882352941178,13
D.London,ATL,WR,2024,16.51764705882353,14
L.McConkey,LAC,WR,2024,16.211764705882356,15
T.McLaurin,WAS,WR,2024,16.125,16
S.Diggs,HOU,WR,2024,15.24,17
A.Brown,PHI,WR,2024,15.129411764705882,18
D.Adams,LV,WR,2024,14.966666666666667,19
J.Smith-Njigba,SEA,WR,2024,14.882352941176471,20
C.Sutton,DEN,WR,2024,14.870588235294118,21
G.Wilson,NYJ,WR,2024,14.81764705882353,22
J.Meyers,LV,WR,2024,14.533333333333333,23
J.Jeudy,CLE,WR,2024,14.170588235294119,24
D.Smith,PHI,WR,2024,14.141176470588235,25
J.Williams,DET,WR,2024,14.075000000000001,26
J.Jennings,SF,WR,2024,14.033333333333333,27
D.Moore,CHI,WR,2024,14.005882352941176,28
A.Thielen,CAR,WR,2024,13.95,29
T.Shavers,BUF,WR,2024,13.9,30
J.Addison,MIN,WR,2024,13.65,31
R.Shaheed,NO,WR,2024,13.633333333333335,32
C.Kupp,LA,WR,2024,13.571428571428571,33
X.Worthy,KC,WR,2024,13.352631578947367,34
J.Downs,IND,WR,2024,13.014285714285714,35
T.Hill,MIA,WR,2024,12.835294117647058,36
D.Metcalf,SEA,WR,2024,12.746666666666666,37
Z.Flowers,BAL,WR,2024,12.323529411764707,38
K.Allen,CHI,WR,2024,12.293333333333333,39
G.Pickens,PIT,WR,2024,12.273333333333333,40
K.Shakir,BUF,WR,2024,12.105555555555556,41
D.Mooney,ATL,WR,2024,12.075000000000001,42
D.Johnson,CAR,WR,2024,12.042857142857143,43
T.Martin,TEN,WR,2024,11.9,44
C.Ridley,TEN,WR,2024,11.71764705882353,45
M.Harrison,ARI,WR,2024,11.558823529411764,46
J.Reed,GB,WR,2024,11.422222222222222,47
R.Bateman,BAL,WR,2024,11.200000000000001,48
D.Samuel,SF,WR,2024,11.114285714285714,49
Q.Johnston,LAC,WR,2024,10.918750000000001,50
W.Robinson,NYG,WR,2024,10.747058823529413,51
A.Lazard,NYJ,WR,2024,10.5,52
N.Westbrook-Ikhine,TEN,WR,2024,10.438461538461537,53
M.Pittman,IND,WR,2024,10.3625,54
A.Cooper,CLE,WR,2024,10.166666666666666,55
J.McMillan,TB,WR,2024,10.107142857142858,56
A.Pierce,IND,WR,2024,10.0875,57
T.Dell,HOU,WR,2024,10.0,58
M.Valdes-Scantling,NO,WR,2024,9.9875,59
J.Waddle,MIA,WR,2024,9.973333333333333,60
K.Wilkerson,LV,WR,2024,9.8,61
R.Doubs,GB,WR,2024,9.671428571428573,62
C.Olave,NO,WR,2024,9.5875,63
D.Hopkins,KC,WR,2024,9.430769230769231,64
R.Pearsall,SF,WR,2024,9.35,65
D.Douglas,NE,WR,2024,9.231250000000001,66
J.Tolbert,DAL,WR,2024,8.941176470588236,67
C.Tillman,CLE,WR,2024,8.933333333333334,68
B.Aiyuk,SF,WR,2024,8.914285714285715,69
C.Kirk,JAX,WR,2024,8.8625,70
R.Odunze,CHI,WR,2024,8.523529411764706,71
J.Coker,CAR,WR,2024,8.414545454545454,72
R.McCloud,ATL,WR,2024,8.382352941176471,73
X.Legette,CAR,WR,2024,8.34,74
K.Boutte,NE,WR,2024,8.126666666666667,75
N.Brown,WAS,WR,2024,7.845454545454547,76
J.Whittington,LA,WR,2024,7.814285714285715,77
M.Mims,DEN,WR,2024,7.811764705882354,78
M.Wilson,ARI,WR,2024,7.78125,79
D.Vele,DEN,WR,2024,7.607142857142857,80
T.Tucker,LV,WR,2024,7.605882352941177,81
C.Watson,GB,WR,2024,7.521428571428571,82
P.Washington,JAX,WR,2024,7.461538461538462,83
K.Coleman,BUF,WR,2024,7.41875,84
J.Reynolds,DEN,WR,2024,7.26,85
D.Robinson,LA,WR,2024,7.221052631578947,86
A.Cooper,BUF,WR,2024,7.18,87
J.Palmer,LAC,WR,2024,7.16,88
T.Lockett,SEA,WR,2024,7.117647058823529,89
E.Moore,CLE,WR,2024,7.111764705882353,90
O.Zaccheaus,WAS,WR,2024,7.105555555555556,91
A.Iosivas,CIN,WR,2024,7.052941176470589,92
B.Cooks,DAL,WR,2024,6.959999999999999,93
J.Nailor,MIN,WR,2024,6.956250000000001,94
K.Turpin,DAL,WR,2024,6.946666666666667,95
C.Austin,PIT,WR,2024,6.905555555555555,96
D.Slayton,NYG,WR,2024,6.875,97
N.Remigio,KC,WR,2024,6.800000000000001,98
B.Means,NO,WR,2024,6.7,99
D.Wicks,GB,WR,2024,6.466666666666667,100
C.White,SEA,WR,2024,6.4,101
D.Hopkins,TEN,WR,2024,6.383333333333333,102
T.Atwell,LA,WR,2024,6.35625,103
M.Hollins,BUF,WR,2024,6.326315789473685,104
S.Shepard,TB,WR,2024,6.176923076923076,105
A.Bachman,LV,WR,2024,6.1,106
D.Moore,CAR,WR,2024,6.078571428571429,107
D.Brown,WAS,WR,2024,6.016666666666667,108
A.Trammell,JAX,WR,2024,6.0,109
B.Ford-Wheaton,NYG,WR,2024,6.0,109
I.Smith-Marsette,NYG,WR,2024,6.0,109
G.Davis,JAX,WR,2024,5.988888888888889,110
T.Patrick,DET,WR,2024,5.9750000000000005,111
A.Smith,PHI,WR,2024,5.8999999999999995,112
K.Raymond,DET,WR,2024,5.745454545454546,113
D.Bell,CLE,WR,2024,5.7,114
J.Crowder,WAS,WR,2024,5.683333333333334,115
M.Brown,KC,WR,2024,5.62,116
T.Johnson,LA,WR,2024,5.554545454545455,117
J.Metchie,HOU,WR,2024,5.4750000000000005,118
K.Bourne,NE,WR,2024,5.425,119
K.Hodge,ATL,WR,2024,5.3500000000000005,120
G.Dortch,ARI,WR,2024,5.311764705882353,121
M.Heath,GB,WR,2024,5.283333333333334,122
C.Samuel,BUF,WR,2024,5.2823529411764705,123
T.Boyd,TEN,WR,2024,5.22,124
C.Wilson,NO,WR,2024,5.194,125
M.Hardman,KC,WR,2024,4.742857142857143,126
T.Franklin,DEN,WR,2024,4.735294117647059,127
M.Washington,MIA,WR,2024,4.733333333333333,128
D.Turner,LV,WR,2024,4.71,129
V.Jefferson,PIT,WR,2024,4.70625,130
M.Williams,PIT,WR,2024,4.7,131
J.Smith-Schuster,KC,WR,2024,4.621428571428572,132
R.Miller,TB,WR,2024,4.6,133
L.Humphrey,DEN,WR,2024,4.5928571428571425,134
D.Walker,BAL,WR,2024,4.55,135
T.Wallace,BAL,WR,2024,4.3100000000000005,136
J.Cowing,SF,WR,2024,4.233333333333333,137
M.Williams,NYJ,WR,2024,4.085714285714286,138
D.Pettis,NO,WR,2024,4.0,139
J.Watson,KC,WR,2024,3.935294117647059,140
C.Jones,CIN,WR,2024,3.75,141
P.Campbell,PHI,WR,2024,3.75,141
J.Burton,CIN,WR,2024,3.6750000000000003,142
R.Jarrett,TB,WR,2024,3.566666666666667,143
T.Palmer,TB,WR,2024,3.5200000000000005,144
J.Dotson,PHI,WR,2024,3.5124999999999997,145
N.Agholor,BAL,WR,2024,3.506666666666667,146
B.Covey,PHI,WR,2024,3.466666666666667,147
D.Davis,LAC,WR,2024,3.4333333333333336,148
R.Cracraft,MIA,WR,2024,3.4000000000000004,149
K.Austin,NO,WR,2024,3.375,150
S.Fehoko,LAC,WR,2024,3.3200000000000003,151
A.Gould,IND,WR,2024,3.3000000000000003,152
R.Woods,HOU,WR,2024,3.269230769230769,153
D.Carter,CHI,WR,2024,3.2399999999999998,154
A.Mitchell,IND,WR,2024,3.1623529411764704,155
A.Miller,BAL,WR,2024,3.1333333333333333,156
K.Osborn,NE,WR,2024,3.1166666666666667,157
B.Oliver,TEN,WR,2024,3.1000000000000005,158
D.Chark,LAC,WR,2024,3.02,159
B.Skowronek,PIT,WR,2024,2.975,160
J.Brooks,DAL,WR,2024,2.975,160
S.Miller,PIT,WR,2024,2.975,160
J.Mingo,CAR,WR,2024,2.825,161
T.Sherfield,MIN,WR,2024,2.788888888888889,162
Z.Jones,ARI,WR,2024,2.733333333333334,163
D.Johnson,HOU,WR,2024,2.7,164
M.Woods,CLE,WR,2024,2.7,164
J.Bobo,SEA,WR,2024,2.6999999999999997,165
L.McCaffrey,WAS,WR,2024,2.6769230769230767,166
M.Tipton,NO,WR,2024,2.6555555555555554,167
I.Williams,DET,WR,2024,2.6,168
R.Flournoy,DAL,WR,2024,2.6,168
J.Proche,CLE,WR,2024,2.55,169
J.Polk,NE,WR,2024,2.515384615384615,170
D.Eskridge,MIA,WR,2024,2.466666666666667,171
L.Shenault,SEA,WR,2024,2.4499999999999997,172
T.Jones,JAX,WR,2024,2.3666666666666667,173
X.Gipson,NYJ,WR,2024,2.3428571428571425,174
X.Hutchinson,HOU,WR,2024,2.33125,175
T.Conner,MIA,WR,2024,2.3,176
D.Chisena,CAR,WR,2024,2.2333333333333334,177
T.Thornton,NE,WR,2024,2.175,178
A.Dulin,IND,WR,2024,2.1333333333333333,179
J.Reagor,LAC,WR,2024,2.1,180
T.Taylor,SF,WR,2024,2.1,180
B.Melton,GB,WR,2024,2.091666666666667,181
X.Smith,LA,WR,2024,2.066666666666667,182
B.Powell,MIN,WR,2024,2.0142857142857142,183
C.Conley,SF,WR,2024,1.9428571428571428,184
D.Duvernay,JAX,WR,2024,1.9200000000000004,185
B.Johnson,PIT,WR,2024,1.9,186
K.Pryor,CIN,WR,2024,1.9,186
M.Kinsey,TEN,WR,2024,1.85,187
O.Beckham,MIA,WR,2024,1.8125,188
D.Thompkins,CAR,WR,2024,1.675,189
J.Mingo,DAL,WR,2024,1.6000000000000003,190
I.Hodgins,NYG,WR,2024,1.6,191
J.Darden,CLE,WR,2024,1.6,191
J.Ross,PHI,WR,2024,1.6,191
G.DuBose,MIA,WR,2024,1.5499999999999998,192
R.Chosen,MIA,WR,2024,1.5,193
T.Burks,TEN,WR,2024,1.5,193
T.Scott,CHI,WR,2024,1.5,193
J.Wilson,PHI,WR,2024,1.48,194
S.Sims,BAL,WR,2024,1.45,195
M.Corley,NYJ,WR,2024,1.44,196
J.Hyatt,NYG,WR,2024,1.42,197
T.Marshall,LV,WR,2024,1.42,197
R.Bell,SF,WR,2024,1.4000000000000001,198
C.Blair,ATL,WR,2024,1.35,199
C.Washington,ATL,WR,2024,1.2000000000000002,200
T.Irwin,CIN,WR,2024,1.125,201
A.Robinson,DET,WR,2024,1.0,202
M.Valdes-Scantling,BUF,WR,2024,0.9200000000000002,203
J.Thrash,CLE,WR,2024,0.8666666666666667,204
R.Keyton,LV,WR,2024,0.8500000000000001,205
B.Tremayne,WAS,WR,2024,0.8,206
C.Johnson,CHI,WR,2024,0.8,206
J.Reynolds,JAX,WR,2024,0.7000000000000001,207
J.Jackson,TEN,WR,2024,0.65,208
J.Baker,NE,WR,2024,0.55,209
D.Johnson,BAL,WR,2024,0.5333333333333333,210
K.Johnson,TB,WR,2024,0.3666666666666667,211
B.Berrios,MIA,WR,2024,0.0,212
D.Young,SEA,WR,2024,0.0,212
E.Ezukanma,MIA,WR,2024,0.0,212
I.Charles,NYJ,WR,2024,0.0,212
J.Ross,KC,WR,2024,0.0,212
J.Wayne,HOU,WR,2024,0.0,212
S.Moore,KC,WR,2024,0.0,212
S.Sims,HOU,WR,2024,0.0,212
T.Kennedy,DET,WR,2024,0.0,212
X.Weaver,ARI,WR,2024,0.0,212
J.Jackson,NO,WR,2024,-0.1,213
K.Toney,CLE,WR,2024,-0.20000000000000004,214
